<?xml version="1.0" encoding="UTF-8"?>
<!DOCTYPE fontscolors PUBLIC "-//NetBeans//DTD Editor Fonts and Colors settings 1.1//EN" "http://www.netbeans.org/dtds/EditorFontsColors-1_1.dtd">
<fontscolors>
    <fontcolor default="identifier" name="identifier"/>
    <fontcolor default="number" name="number"/>
    <fontcolor default="part" foreColor="blue" name="part"/>
    <fontcolor default="comment" name="comment"/>
    <fontcolor default="keyword" foreColor="blue" name="keyword"/>
    <fontcolor default="whitespace" name="whitespace"/>
    <fontcolor default="message" foreColor="ffff8409" name="message"/>
    <fontcolor default="type" foreColor="blue" name="type"/>
    <fontcolor default="error" name="errors"/>
    <fontcolor default="operator" foreColor="ff009900" name="operator"/>
    <fontcolor default="keyword" name="literal"/>
</fontscolors>
